,IRR,sigma,Shape_Ratio
Portfolio,0.1759447375713792,0.24731110594348296,0.5685421950593401
TWII,0.05706666231763699,0.14407936872719945,0.08205350714131492
0050,0.08612895638768335,0.14763009598565086,0.2933437733739571
