,IRR,sigma,Shape_Ratio
Portfolio,0.010756150215180284,0.22063716151853258,-0.17664724183902486
TWII,0.00957872299625261,0.14150924849973787,-0.283951821911594
0050,0.0087136051048426,0.13435687572519608,-0.30566768202868166
